-- phpMyAdmin SQL Dump
-- version 5.2.1
-- https://www.phpmyadmin.net/
--
-- Host: 127.0.0.1:3306
-- Generation Time: 26 نوفمبر 2024 الساعة 12:27
-- إصدار الخادم: 10.11.9-MariaDB
-- PHP Version: 7.2.34

SET SQL_MODE = "NO_AUTO_VALUE_ON_ZERO";
START TRANSACTION;
SET time_zone = "+00:00";


/*!40101 SET @OLD_CHARACTER_SET_CLIENT=@@CHARACTER_SET_CLIENT */;
/*!40101 SET @OLD_CHARACTER_SET_RESULTS=@@CHARACTER_SET_RESULTS */;
/*!40101 SET @OLD_COLLATION_CONNECTION=@@COLLATION_CONNECTION */;
/*!40101 SET NAMES utf8mb4 */;

--
-- Database: `u563506956_Kest`
--

-- --------------------------------------------------------

--
-- بنية الجدول `advances`
--

CREATE TABLE `advances` (
  `id` int(11) NOT NULL,
  `installment_id` int(11) NOT NULL,
  `client_id` int(11) NOT NULL,
  `advance_date` varchar(500) NOT NULL,
  `advance_value` decimal(10,2) DEFAULT NULL,
  `paid_at` datetime DEFAULT NULL,
  `is_paid` tinyint(1) DEFAULT 0
) ENGINE=InnoDB DEFAULT CHARSET=utf8mb4 COLLATE=utf8mb4_general_ci;

--
-- إرجاع أو استيراد بيانات الجدول `advances`
--

INSERT INTO `advances` (`id`, `installment_id`, `client_id`, `advance_date`, `advance_value`, `paid_at`, `is_paid`) VALUES
(2, 13, 25, '0000-00-00', 5000.00, '2024-11-18 22:27:29', 1),
(3, 14, 26, '0000-00-00', 5000.00, '2024-11-18 23:23:00', 0),
(4, 15, 27, '0000-00-00', 5000.00, '2024-11-19 16:53:23', 1),
(5, 16, 28, '0000-00-00', 5000.00, '2024-11-19 17:00:03', 0),
(6, 17, 28, '0000-00-00', 5000.00, '2024-11-19 17:50:28', 1),
(7, 18, 28, '0000-00-00', 5000.00, '2024-11-19 17:53:14', 1),
(8, 20, 28, '0000-00-00', 5000.00, '2024-11-19 17:56:53', 1),
(9, 21, 28, '0000-00-00', 5000.00, '2024-11-19 18:00:51', 1),
(10, 22, 28, '0000-00-00', 5000.00, '2024-11-19 18:01:02', 1),
(11, 25, 28, '0000-00-00', 5000.00, '2024-11-19 18:02:43', 1),
(12, 26, 28, '0000-00-00', 5000.00, '2024-11-19 18:03:26', 1),
(13, 29, 28, '0000-00-00', 5000.00, '0000-00-00 00:00:00', 1),
(14, 30, 28, '0000-00-00', 5000.00, '0000-00-00 00:00:00', 1),
(15, 31, 28, '0000-00-00', 5000.00, '0000-00-00 00:00:00', 1),
(16, 32, 28, '0000-00-00', 5000.00, '0000-00-00 00:00:00', 1),
(17, 33, 28, '0000-00-00', 5000.00, '0000-00-00 00:00:00', 1),
(18, 34, 28, '0000-00-00', 5000.00, '0000-00-00 00:00:00', 1),
(19, 35, 28, '0000-00-00', 5000.00, '0000-00-00 00:00:00', 1),
(20, 36, 28, '0000-00-00', 5000.00, '0000-00-00 00:00:00', 1),
(21, 37, 28, '0000-00-00', 5000.00, '0000-00-00 00:00:00', 1),
(22, 38, 28, '0000-00-00', 5000.00, '0000-00-00 00:00:00', 1),
(23, 39, 28, '0000-00-00', 5000.00, '0000-00-00 00:00:00', 1),
(24, 40, 28, '0000-00-00', 5000.00, '0000-00-00 00:00:00', 1),
(25, 41, 28, '0000-00-00', 5000.00, '0000-00-00 00:00:00', 1),
(26, 42, 28, '0000-00-00', 5000.00, '0000-00-00 00:00:00', 1),
(27, 43, 28, '0000-00-00', 5000.00, '0000-00-00 00:00:00', 1),
(28, 44, 28, '0000-00-00', 5000.00, '0000-00-00 00:00:00', 1),
(29, 45, 28, '0000-00-00', 5000.00, '0000-00-00 00:00:00', 1),
(30, 46, 28, '0000-00-00', 5000.00, '0000-00-00 00:00:00', 1),
(31, 47, 28, '2025-05-19', 5000.00, '0000-00-00 00:00:00', 1),
(32, 48, 28, '0000-00-00', 5000.00, '0000-00-00 00:00:00', 1),
(33, 49, 28, '0000-00-00', 5000.00, '0000-00-00 00:00:00', 1),
(34, 50, 28, '0000-00-00', 5000.00, '0000-00-00 00:00:00', 1),
(35, 51, 28, '0000-00-00', 5000.00, '0000-00-00 00:00:00', 1),
(36, 52, 28, '0000-00-00', 5000.00, '0000-00-00 00:00:00', 1),
(37, 53, 29, '0000-00-00', 5000.00, '0000-00-00 00:00:00', 1),
(38, 54, 30, '2024', 5000.00, '0000-00-00 00:00:00', 1),
(39, 56, 32, '1', 5000.00, '0000-00-00 00:00:00', 1),
(40, 57, 32, '2', 5000.00, '0000-00-00 00:00:00', 1),
(41, 58, 33, '2024-11-19', 5000.00, '0000-00-00 00:00:00', 1),
(42, 62, 37, '2024-11-19', 5000.00, '0000-00-00 00:00:00', 1),
(43, 65, 40, '2024-11-19', 5000.00, '0000-00-00 00:00:00', 1),
(44, 66, 41, '2024-11-19', 5000.00, '0000-00-00 00:00:00', 1),
(45, 67, 42, '2024-11-19', 5000.00, '0000-00-00 00:00:00', 1),
(46, 68, 43, '2024-11-19', 5000.00, '0000-00-00 00:00:00', 1),
(47, 69, 44, '2024-11-19', 5000.00, '0000-00-00 00:00:00', 1),
(48, 70, 45, '2024-11-19', 5000.00, '0000-00-00 00:00:00', 1),
(49, 71, 46, '2024-11-19', 5000.00, '0000-00-00 00:00:00', 1),
(50, 72, 47, '2024-11-19', 5000.00, '0000-00-00 00:00:00', 1);

--
-- القوادح `advances`
--
DELIMITER $$
CREATE TRIGGER `before_insert_advance` BEFORE INSERT ON `advances` FOR EACH ROW BEGIN
    DECLARE existing_date DATE;

    -- البحث في جدول dates عن التاريخ المناسب
    SELECT date INTO existing_date
    FROM dates
    WHERE id = NEW.advance_date;

    -- إذا تم العثور على تاريخ، قم بتخزينه في العمود advance_date
    IF existing_date IS NOT NULL THEN
        SET NEW.advance_date = existing_date;
    END IF;
END
$$
DELIMITER ;

-- --------------------------------------------------------

--
-- بنية الجدول `clients`
--

CREATE TABLE `clients` (
  `id` int(11) NOT NULL,
  `first_name` varchar(255) DEFAULT NULL,
  `last_name` varchar(255) DEFAULT NULL,
  `email` varchar(255) DEFAULT NULL,
  `phone_number` varchar(20) DEFAULT NULL,
  `address` text DEFAULT NULL,
  `image_path` varchar(255) DEFAULT 'default_image.png',
  `clint_code` varchar(10) DEFAULT NULL,
  `national_id` varchar(20) DEFAULT NULL,
  `profession` varchar(100) DEFAULT NULL,
  `birth_date` date DEFAULT NULL,
  `monthly_income` decimal(10,2) DEFAULT NULL
) ENGINE=InnoDB DEFAULT CHARSET=utf8mb4 COLLATE=utf8mb4_general_ci;

--
-- إرجاع أو استيراد بيانات الجدول `clients`
--

INSERT INTO `clients` (`id`, `first_name`, `last_name`, `email`, `phone_number`, `address`, `image_path`, `clint_code`, `national_id`, `profession`, `birth_date`, `monthly_income`) VALUES
(20, 'yossef', 'yasser', 'ytrjhyn@gmail.com', '01124915545', 'address', 'default_image.png', '2276', '85148521874541', 'eng', '2024-11-18', 2000.00),
(22, 'yossef', 'yasser', 'fjkngjnrk@gmail.com', '01124915545', 'address', 'default_image.png', '5508', '445845146589414854', 'eng', '2024-11-18', 20000.00),
(25, '', '', 'ghjkfhnggtjnrk@gmail.com', '01124915545', 'address', 'default_image.png', '7142', '445845146589414854', 'eng', '2024-11-18', 20000.00),
(26, 'yossefffth', 'yasser', 'yassooofhr@gmail.com', '01124915545', 'ADDRESS', 'IMG-20241017-WA0009.jpg', '8967', '1', 'Momard', '2024-11-19', 20000.00),
(27, 'yossef', 'yasser', 'yassoumuujttrt@gmail.com', '01124915545', 'address', 'default_image.png', '9914', '85148521874541', 'eng', '2024-11-19', 20000.00),
(28, 'yossef', 'yasser', 'yassofrhgtoo@gmail.com', '1124915544', 'ADDRESS', 'default_image.png', '0506', '445845146589414854', 'Momard', '2024-11-19', 20000.00),
(29, 'yossefgfbbg', 'yasser', 'yassotgfgnhghyjtygjtrt@gmail.com', '01124915545', 'adress', 'default_image.png', '2711', '85148521874541', 'Hdnd', '2009-10-20', 245.00),
(30, '', '', 'yasshyjotgfgnhghyjtygjtrt@gmail.com', '01124915545', 'adress', 'default_image.png', '4842', '85148521874541', 'Hdnd', '2009-10-20', 245.00),
(31, '', '', 'yasshyjotgfgnhbghyjtygjtrt@gmail.com', '01124915545', 'adress', 'default_image.png', '8595', '85148521874541', 'Hdnd', '2009-10-20', 245.00),
(32, '', '', 'yasshyjotgfgnnhbghyjtygjtrt@gmail.com', '01124915545', 'adress', 'default_image.png', '5296', '85148521874541', 'Hdnd', '2009-10-20', 245.00),
(33, '', '', 'yasshyjotgfgnnhbghyjtygjtrtg@gmail.com', '01124915545', 'adress', 'default_image.png', '8190', '85148521874541', 'Hdnd', '2009-10-20', 245.00),
(34, '', '', 'yasshyjotgfgntnhbghyjtygjtrtg@gmail.com', '01124915545', 'adress', 'default_image.png', '4593', '85148521874541', 'Hdnd', '2009-10-20', 245.00),
(35, '', '', 'yasshyjotgfgntnhbbbhyjtygjtrtg@gmail.com', '01124915545', 'adress', 'default_image.png', '6340', '85148521874541', 'Hdnd', '2009-10-20', 245.00),
(36, '', '', 'yasshyjotgfgntnhbbbhyjtybggjtrtg@gmail.com', '01124915545', 'adress', 'default_image.png', '1268', '85148521874541', 'Hdnd', '2009-10-20', 245.00),
(37, '', '', 'yasshyjotgfbggjtrtg@gmail.com', '01124915545', 'adress', 'default_image.png', '2317', '85148521874541', 'Hdnd', '2009-10-20', 245.00),
(38, '', '', 'yasshyjtrtg@gmail.com', '01124915545', 'adress', 'default_image.png', '2989', '85148521874541', 'Hdnd', '2009-10-20', 245.00),
(39, '', '', 'yasshygthhyhjtrtg@gmail.com', '01124915545', 'adress', 'default_image.png', '3496', '85148521874541', 'Hdnd', '2009-10-20', 245.00),
(40, '', '', 'yasshyghythhyhjtrtg@gmail.com', '01124915545', 'adress', 'default_image.png', '9188', '85148521874541', 'Hdnd', '2009-10-20', 245.00),
(41, '', '', 'yasshyghytnhhhyhjtrtg@gmail.com', '01124915545', 'adress', 'default_image.png', '0311', '85148521874541', 'Hdnd', '2009-10-20', 245.00),
(42, '', '', 'yasshyghytnhthhyhjtrtg@gmail.com', '01124915545', 'adress', 'default_image.png', '3215', '85148521874541', 'Hdnd', '2009-10-20', 245.00),
(43, '', '', 'yasshyghyg@gmail.com', '01124915545', 'adress', 'default_image.png', '9700', '85148521874541', 'Hdnd', '2009-10-20', 245.00),
(44, '', '', 'yasshyghgyg@gmail.com', '01124915545', 'adress', 'default_image.png', '1434', '85148521874541', 'Hdnd', '2009-10-20', 245.00),
(45, '', '', 'yasshygghgyg@gmail.com', '01124915545', 'adress', 'default_image.png', '2376', '85148521874541', 'Hdnd', '2009-10-20', 245.00),
(46, '', '', 'yasshygghgybgg@gmail.com', '01124915545', 'adress', 'default_image.png', '3906', '85148521874541', 'Hdnd', '2009-10-20', 245.00),
(47, 'Yossef', 'Yasser', 'yasshygghgnybgg@gmail.com', '01124915545', 'adress', 'default_image.png', '8169', '85148521874541', 'Hdnd', '2009-10-20', 245.00);

-- --------------------------------------------------------

--
-- بنية الجدول `dates`
--

CREATE TABLE `dates` (
  `id` int(11) NOT NULL,
  `date` date NOT NULL
) ENGINE=InnoDB DEFAULT CHARSET=utf8mb4 COLLATE=utf8mb4_general_ci;

--
-- إرجاع أو استيراد بيانات الجدول `dates`
--

INSERT INTO `dates` (`id`, `date`) VALUES
(1, '2024-11-19'),
(2, '2024-11-19'),
(3, '2024-11-19'),
(4, '2024-11-19'),
(5, '2024-11-19'),
(6, '2024-11-19'),
(7, '2024-11-19'),
(8, '2024-11-19'),
(9, '2024-11-19'),
(10, '1970-02-01'),
(11, '2024-11-19'),
(12, '1970-02-01'),
(13, '2024-11-19'),
(14, '2024-12-19'),
(15, '2024-11-19'),
(16, '2024-12-19'),
(17, '2024-11-19'),
(18, '2025-05-19'),
(19, '2024-11-19'),
(20, '2025-05-19'),
(21, '2024-11-19'),
(22, '2025-05-19');

-- --------------------------------------------------------

--
-- بنية الجدول `delays`
--

CREATE TABLE `delays` (
  `id` int(11) NOT NULL,
  `installment_id` int(11) NOT NULL,
  `client_id` int(11) NOT NULL,
  `delay_date` varchar(255) NOT NULL,
  `delay_value` decimal(10,2) DEFAULT NULL,
  `due_date` datetime DEFAULT NULL,
  `is_paid` tinyint(1) DEFAULT 0
) ENGINE=InnoDB DEFAULT CHARSET=utf8mb4 COLLATE=utf8mb4_general_ci;

--
-- إرجاع أو استيراد بيانات الجدول `delays`
--

INSERT INTO `delays` (`id`, `installment_id`, `client_id`, `delay_date`, `delay_value`, `due_date`, `is_paid`) VALUES
(1, 13, 25, '10-20-2000', 5000.00, '0000-00-00 00:00:00', 0),
(2, 14, 26, '', 5000.00, '0000-00-00 00:00:00', 1),
(3, 15, 27, '', 5000.00, '0000-00-00 00:00:00', 0),
(4, 16, 28, '', 5000.00, '0000-00-00 00:00:00', 0),
(5, 17, 28, '', 5000.00, '0000-00-00 00:00:00', 0),
(6, 18, 28, '', 5000.00, '0000-00-00 00:00:00', 0),
(7, 19, 28, '2025-05-19', 5000.00, NULL, 0),
(8, 20, 28, '', 5000.00, '0000-00-00 00:00:00', 0),
(9, 21, 28, '', 5000.00, '0000-00-00 00:00:00', 0),
(10, 22, 28, '', 5000.00, '0000-00-00 00:00:00', 0),
(11, 23, 28, '2025-05-19', 5000.00, NULL, 0),
(12, 24, 28, '2025-05-19', 5000.00, NULL, 0),
(13, 25, 28, '2025-05-19', 5000.00, NULL, 0),
(14, 26, 28, '2025-05-19', 5000.00, NULL, 0),
(15, 27, 28, '2025-05-19', 5000.00, NULL, 0),
(16, 28, 28, '2025-05-19', 5000.00, NULL, 0),
(17, 29, 28, '2025-05-19', 5000.00, NULL, 0),
(18, 30, 28, '2025-05-19', 5000.00, NULL, 0),
(19, 31, 28, '2025-05-19', 5000.00, NULL, 0),
(20, 32, 28, '2025-05-19', 5000.00, NULL, 0),
(21, 33, 28, '2025-05-19', 5000.00, NULL, 0),
(22, 34, 28, '2025-05-19', 5000.00, NULL, 0),
(23, 35, 28, '2025-05-19', 5000.00, NULL, 0),
(24, 36, 28, '2025-05-19', 5000.00, NULL, 0),
(25, 37, 28, '2025-05-19', 5000.00, NULL, 0),
(26, 38, 28, '2025-05-19', 5000.00, NULL, 0),
(27, 39, 28, '2025-05-19', 5000.00, NULL, 0),
(28, 40, 28, '2025-05-19', 5000.00, NULL, 0),
(29, 41, 28, '2025-05-19', 5000.00, NULL, 0),
(30, 42, 28, '2021-05-19', 5000.00, NULL, 0),
(31, 43, 28, '2021-05-19', 5000.00, NULL, 0),
(32, 44, 28, '2021-05-19', 5000.00, NULL, 0),
(33, 45, 28, '2004-04-20', 5000.00, NULL, 0),
(34, 46, 28, '2004-04-20', 5000.00, NULL, 0),
(35, 47, 28, '2004-04-20', 5000.00, NULL, 0),
(36, 48, 28, '2004-04-20', 5000.00, NULL, 0),
(37, 49, 28, '2004-04-20', 5000.00, NULL, 0),
(38, 50, 28, '2004-04-20', 5000.00, NULL, 0),
(39, 51, 28, '2004-04-20', 5000.00, NULL, 0),
(40, 52, 28, '2004-04-20', 5000.00, NULL, 0),
(41, 53, 29, '', 5000.00, '0000-00-00 00:00:00', 0),
(42, 54, 30, '', 5000.00, '0000-00-00 00:00:00', 0),
(43, 56, 32, '', 5000.00, '0000-00-00 00:00:00', 0),
(44, 57, 32, '2025-05-19', 5000.00, NULL, 0),
(45, 58, 33, '', 5000.00, '0000-00-00 00:00:00', 0),
(46, 59, 34, '', 5000.00, '0000-00-00 00:00:00', 0),
(47, 60, 35, '1970', 5000.00, NULL, 0),
(48, 61, 36, '1970', 5000.00, NULL, 0),
(49, 62, 37, '', 5000.00, '0000-00-00 00:00:00', 0),
(50, 65, 40, '2025', 5000.00, NULL, 0),
(51, 66, 41, '10', 5000.00, NULL, 0),
(52, 67, 42, '12', 5000.00, NULL, 0),
(53, 68, 43, '14', 5000.00, NULL, 0),
(54, 69, 44, '16', 5000.00, NULL, 0),
(55, 70, 45, '18', 5000.00, NULL, 0),
(56, 71, 46, '2025-05-19', 5000.00, NULL, 0),
(57, 72, 47, '2025-05-19', 5000.00, NULL, 0);

--
-- القوادح `delays`
--
DELIMITER $$
CREATE TRIGGER `before_insert_delay` BEFORE INSERT ON `delays` FOR EACH ROW BEGIN
    DECLARE existing_date DATE;

    -- البحث في جدول dates عن التاريخ المناسب
    SELECT date INTO existing_date
    FROM dates
    WHERE id = NEW.delay_date;

    -- إذا تم العثور على تاريخ، قم بتخزينه في العمود delay_date
    IF existing_date IS NOT NULL THEN
        SET NEW.delay_date = existing_date;
    END IF;
END
$$
DELIMITER ;

-- --------------------------------------------------------

--
-- بنية الجدول `installments`
--

CREATE TABLE `installments` (
  `id` int(11) NOT NULL,
  `total_amount` decimal(10,2) NOT NULL,
  `kest_value` decimal(10,2) NOT NULL,
  `upfront` decimal(10,2) DEFAULT NULL,
  `deferred` decimal(10,2) DEFAULT NULL,
  `first_pay_date` date NOT NULL,
  `client_id` int(11) NOT NULL,
  `created_at` timestamp NOT NULL DEFAULT current_timestamp(),
  `additional_notes` text DEFAULT NULL,
  `bank_name` varchar(255) NOT NULL
) ENGINE=InnoDB DEFAULT CHARSET=utf8mb4 COLLATE=utf8mb4_general_ci;

--
-- إرجاع أو استيراد بيانات الجدول `installments`
--

INSERT INTO `installments` (`id`, `total_amount`, `kest_value`, `upfront`, `deferred`, `first_pay_date`, `client_id`, `created_at`, `additional_notes`, `bank_name`) VALUES
(8, 20000.00, 2000.00, 5000.00, 5000.00, '2024-11-18', 20, '2024-11-18 20:12:55', 'gtyjtjyth', 'لا يوجد بنك'),
(10, 20000.00, 2000.00, 5000.00, 5000.00, '2024-11-18', 22, '2024-11-18 21:22:59', 'gtyjtjyth', 'بنك القاهرة'),
(13, 20000.00, 2000.00, 5000.00, 5000.00, '2024-11-18', 25, '2024-11-18 21:27:29', 'gtyjtjyth', 'بنك القاهرة'),
(14, 20000.00, 2000.00, 5000.00, 6000.00, '0000-00-00', 26, '2024-11-18 22:23:00', 'gtyjtjythghj', 'بنك القاهرة'),
(15, 20000.00, 2000.00, 5000.00, 5000.00, '2024-11-19', 27, '2024-11-19 15:53:23', 'gtyjtjyth', 'بنك القاهرة'),
(16, 20000.00, 2000.00, 5000.00, 5000.00, '2000-10-02', 28, '2024-11-19 16:00:03', 'gtyjtjyth', 'بنك القاهرة'),
(17, 20000.00, 2000.00, 5000.00, 5000.00, '2024-11-19', 28, '2024-11-19 16:50:28', 'gtyjtjyth', 'بنك القاهرة'),
(18, 20000.00, 2000.00, 5000.00, 5000.00, '2024-11-19', 28, '2024-11-19 16:53:14', 'gtyjtjyth', 'بنك القاهرة'),
(19, 20000.00, 2000.00, 5000.00, 5000.00, '2024-11-19', 28, '2024-11-19 16:54:27', 'gtyjtjyth', 'بنك القاهرة'),
(20, 20000.00, 2000.00, 5000.00, 5000.00, '2024-11-19', 28, '2024-11-19 16:56:53', 'gtyjtjyth', 'بنك القاهرة'),
(21, 20000.00, 2000.00, 5000.00, 5000.00, '2024-11-19', 28, '2024-11-19 17:00:51', 'gtyjtjyth', 'بنك القاهرة'),
(22, 20000.00, 2000.00, 5000.00, 5000.00, '2024-11-19', 28, '2024-11-19 17:01:02', 'gtyjtjyth', 'بنك القاهرة'),
(23, 20000.00, 2000.00, 5000.00, 5000.00, '2024-11-19', 28, '2024-11-19 17:01:15', 'gtyjtjyth', 'بنك القاهرة'),
(24, 20000.00, 2000.00, 5000.00, 5000.00, '2024-11-19', 28, '2024-11-19 17:01:47', 'gtyjtjyth', 'بنك القاهرة'),
(25, 20000.00, 2000.00, 5000.00, 5000.00, '2024-11-19', 28, '2024-11-19 17:02:43', 'gtyjtjyth', 'بنك القاهرة'),
(26, 20000.00, 2000.00, 5000.00, 5000.00, '2024-11-19', 28, '2024-11-19 17:03:26', 'gtyjtjyth', 'بنك القاهرة'),
(27, 20000.00, 2000.00, 5000.00, 5000.00, '2024-11-19', 28, '2024-11-19 17:04:34', 'gtyjtjyth', 'بنك القاهرة'),
(28, 20000.00, 2000.00, 5000.00, 5000.00, '2024-11-19', 28, '2024-11-19 17:04:48', 'gtyjtjyth', 'بنك القاهرة'),
(29, 20000.00, 2000.00, 5000.00, 5000.00, '2024-11-19', 28, '2024-11-19 17:05:35', 'gtyjtjyth', 'بنك القاهرة'),
(30, 20000.00, 2000.00, 5000.00, 5000.00, '2024-11-19', 28, '2024-11-19 17:06:05', 'gtyjtjyth', 'بنك القاهرة'),
(31, 20000.00, 2000.00, 5000.00, 5000.00, '2024-11-19', 28, '2024-11-19 17:06:19', 'gtyjtjyth', 'بنك القاهرة'),
(32, 20000.00, 2000.00, 5000.00, 5000.00, '2024-11-19', 28, '2024-11-19 17:06:19', 'gtyjtjyth', 'بنك القاهرة'),
(33, 20000.00, 2000.00, 5000.00, 5000.00, '2024-11-19', 28, '2024-11-19 17:07:57', 'gtyjtjyth', 'بنك القاهرة'),
(34, 20000.00, 2000.00, 5000.00, 5000.00, '2024-11-19', 28, '2024-11-19 17:08:06', 'gtyjtjyth', 'بنك القاهرة'),
(35, 20000.00, 2000.00, 5000.00, 5000.00, '2024-11-19', 28, '2024-11-19 17:09:33', 'gtyjtjyth', 'بنك القاهرة'),
(36, 20000.00, 2000.00, 5000.00, 5000.00, '2024-11-19', 28, '2024-11-19 17:09:43', 'gtyjtjyth', 'بنك القاهرة'),
(37, 20000.00, 2000.00, 5000.00, 5000.00, '2024-11-19', 28, '2024-11-19 17:10:38', 'gtyjtjyth', 'بنك القاهرة'),
(38, 20000.00, 2000.00, 5000.00, 5000.00, '2024-11-19', 28, '2024-11-19 17:11:03', 'gtyjtjyth', 'بنك القاهرة'),
(39, 20000.00, 2000.00, 5000.00, 5000.00, '2024-11-19', 28, '2024-11-19 17:11:18', 'gtyjtjyth', 'بنك القاهرة'),
(40, 20000.00, 2000.00, 5000.00, 5000.00, '2024-11-19', 28, '2024-11-19 17:11:53', 'gtyjtjyth', 'بنك القاهرة'),
(41, 20000.00, 2000.00, 5000.00, 5000.00, '2024-11-19', 28, '2024-11-19 17:12:03', 'gtyjtjyth', 'بنك القاهرة'),
(42, 20000.00, 2000.00, 5000.00, 5000.00, '2020-11-19', 28, '2024-11-19 17:12:37', 'gtyjtjyth', 'بنك القاهرة'),
(43, 20000.00, 2000.00, 5000.00, 5000.00, '2020-11-19', 28, '2024-11-19 17:12:59', 'gtyjtjyth', 'بنك القاهرة'),
(44, 20000.00, 2000.00, 5000.00, 5000.00, '2020-11-19', 28, '2024-11-19 17:13:34', 'gtyjtjyth', 'بنك القاهرة'),
(45, 20000.00, 2000.00, 5000.00, 5000.00, '2003-10-20', 28, '2024-11-19 17:24:59', 'gtyjtjyth', 'لا يوجد بنك'),
(46, 20000.00, 2000.00, 5000.00, 5000.00, '2003-10-20', 28, '2024-11-19 17:25:08', 'gtyjtjyth', 'لا يوجد بنك'),
(47, 20000.00, 2000.00, 5000.00, 5000.00, '2003-10-20', 28, '2024-11-19 17:29:09', 'gtyjtjyth', 'لا يوجد بنك'),
(48, 20000.00, 2000.00, 5000.00, 5000.00, '2003-10-20', 28, '2024-11-19 17:30:52', 'gtyjtjyth', 'لا يوجد بنك'),
(49, 20000.00, 2000.00, 5000.00, 5000.00, '2003-10-20', 28, '2024-11-19 17:32:28', 'gtyjtjyth', 'لا يوجد بنك'),
(50, 20000.00, 2000.00, 5000.00, 5000.00, '2003-10-20', 28, '2024-11-19 17:32:41', 'gtyjtjyth', 'لا يوجد بنك'),
(51, 20000.00, 2000.00, 5000.00, 5000.00, '2003-10-20', 28, '2024-11-19 17:35:43', 'gtyjtjyth', 'لا يوجد بنك'),
(52, 20000.00, 2000.00, 5000.00, 5000.00, '2003-10-20', 28, '2024-11-19 17:38:08', 'gtyjtjyth', 'لا يوجد بنك'),
(53, 20000.00, 2000.00, 5000.00, 5000.00, '2024-11-19', 29, '2024-11-19 18:00:53', 'gtyjtjyth', 'لا يوجد بنك'),
(54, 20000.00, 2000.00, 5000.00, 5000.00, '2024-11-19', 30, '2024-11-19 18:01:23', 'gtyjtjyth', 'لا يوجد بنك'),
(55, 20000.00, 2000.00, 5000.00, 5000.00, '2024-11-19', 31, '2024-11-19 18:03:24', 'gtyjtjyth', 'لا يوجد بنك'),
(56, 20000.00, 2000.00, 5000.00, 5000.00, '2024-11-19', 32, '2024-11-19 18:03:37', 'gtyjtjyth', 'لا يوجد بنك'),
(57, 20000.00, 2000.00, 5000.00, 5000.00, '2024-11-19', 32, '2024-11-19 18:05:17', 'gtyjtjyth', 'بنك القاهرة'),
(58, 20000.00, 2000.00, 5000.00, 5000.00, '2024-11-19', 33, '2024-11-19 18:21:43', 'gtyjtjyth', 'لا يوجد بنك'),
(59, 20000.00, 2000.00, 5000.00, 5000.00, '2024-11-19', 34, '2024-11-19 18:38:56', 'gtyjtjyth', 'لا يوجد بنك'),
(60, 20000.00, 2000.00, 5000.00, 5000.00, '2024-11-19', 35, '2024-11-19 18:39:59', 'gtyjtjyth', 'لا يوجد بنك'),
(61, 20000.00, 2000.00, 5000.00, 5000.00, '2024-11-19', 36, '2024-11-19 18:41:14', 'gtyjtjyth', 'لا يوجد بنك'),
(62, 20000.00, 2000.00, 5000.00, 5000.00, '2024-11-19', 37, '2024-11-19 18:41:39', 'gtyjtjyth', 'لا يوجد بنك'),
(63, 20000.00, 2000.00, 5000.00, 5000.00, '2024-11-19', 38, '2024-11-19 18:43:38', 'gtyjtjyth', 'لا يوجد بنك'),
(64, 20000.00, 2000.00, 5000.00, 5000.00, '2024-11-19', 39, '2024-11-19 18:43:45', 'gtyjtjyth', 'لا يوجد بنك'),
(65, 20000.00, 2000.00, 5000.00, 5000.00, '2024-11-19', 40, '2024-11-19 18:45:11', 'gtyjtjyth', 'لا يوجد بنك'),
(66, 20000.00, 2000.00, 5000.00, 5000.00, '2024-11-19', 41, '2024-11-19 18:47:43', 'gtyjtjyth', 'لا يوجد بنك'),
(67, 20000.00, 2000.00, 5000.00, 5000.00, '2024-11-19', 42, '2024-11-19 18:48:02', 'gtyjtjyth', 'لا يوجد بنك'),
(68, 20000.00, 2000.00, 5000.00, 5000.00, '2024-11-19', 43, '2024-11-19 18:50:17', 'gtyjtjyth', 'لا يوجد بنك'),
(69, 20000.00, 2000.00, 5000.00, 5000.00, '2024-11-19', 44, '2024-11-19 18:50:33', 'gtyjtjyth', 'لا يوجد بنك'),
(70, 20000.00, 2000.00, 5000.00, 5000.00, '2024-11-19', 45, '2024-11-19 18:55:36', 'gtyjtjyth', 'لا يوجد بنك'),
(71, 20000.00, 2000.00, 5000.00, 5000.00, '2024-11-19', 46, '2024-11-19 18:58:14', 'gtyjtjyth', 'لا يوجد بنك'),
(72, 20000.00, 2000.00, 5000.00, 5000.00, '2024-11-19', 47, '2024-11-19 18:58:58', 'gtyjtjyth', 'لا يوجد بنك');

-- --------------------------------------------------------

--
-- بنية الجدول `notifications`
--

CREATE TABLE `notifications` (
  `id` int(11) NOT NULL,
  `message` text DEFAULT NULL,
  `cause` varchar(255) DEFAULT NULL,
  `is_read` tinyint(1) DEFAULT 0,
  `created_at` datetime DEFAULT current_timestamp(),
  `type` varchar(50) DEFAULT NULL
) ENGINE=InnoDB DEFAULT CHARSET=utf8mb4 COLLATE=utf8mb4_general_ci;

--
-- إرجاع أو استيراد بيانات الجدول `notifications`
--

INSERT INTO `notifications` (`id`, `message`, `cause`, `is_read`, `created_at`, `type`) VALUES
(499, 'لقد قام العميل صاحب الكود 2276 بالتأخير في دفع قسط  الخاص بالقرض رقم 8', 'قسط  رقم 8 لم يتم دفعه حتى الآن', 0, '2024-11-19 22:46:44', 'delayed'),
(500, 'لقد قام العميل صاحب الكود 7142 بالتأخير في دفع قسط  الخاص بالقرض رقم 13', 'قسط  رقم 13 لم يتم دفعه حتى الآن', 0, '2024-11-19 22:46:44', 'delayed'),
(501, 'لقد قام العميل صاحب الكود 8967 بالتأخير في دفع قسط  الخاص بالقرض رقم 14', 'قسط  رقم 14 لم يتم دفعه حتى الآن', 0, '2024-11-19 22:46:45', 'delayed'),
(502, 'لقد قام العميل صاحب الكود 9914 بالتأخير في دفع قسط  الخاص بالقرض رقم 15', 'قسط  رقم 15 لم يتم دفعه حتى الآن', 0, '2024-11-19 22:46:45', 'delayed'),
(503, 'لقد قام العميل صاحب الكود 0506 بالتأخير في دفع قسط 2000-11-02 الخاص بالقرض رقم 16', 'قسط 2000-11-02 رقم 16 لم يتم دفعه حتى الآن', 0, '2024-11-19 22:46:45', 'delayed'),
(504, 'لقد قام العميل صاحب الكود 0506 بالتأخير في دفع قسط 2000-12-02 الخاص بالقرض رقم 16', 'قسط 2000-12-02 رقم 16 لم يتم دفعه حتى الآن', 0, '2024-11-19 22:46:45', 'delayed'),
(505, 'لقد قام العميل صاحب الكود 0506 بالتأخير في دفع قسط 2001-01-02 الخاص بالقرض رقم 16', 'قسط 2001-01-02 رقم 16 لم يتم دفعه حتى الآن', 0, '2024-11-19 22:46:45', 'delayed'),
(506, 'لقد قام العميل صاحب الكود 0506 بالتأخير في دفع قسط 2001-02-02 الخاص بالقرض رقم 16', 'قسط 2001-02-02 رقم 16 لم يتم دفعه حتى الآن', 0, '2024-11-19 22:46:45', 'delayed'),
(507, 'لقد قام العميل صاحب الكود 0506 بالتأخير في دفع قسط 2001-03-02 الخاص بالقرض رقم 16', 'قسط 2001-03-02 رقم 16 لم يتم دفعه حتى الآن', 0, '2024-11-19 22:46:45', 'delayed'),
(508, 'لقد قام العميل صاحب الكود 0506 بالتأخير في دفع قسط 2020-12-19 الخاص بالقرض رقم 42', 'قسط 2020-12-19 رقم 42 لم يتم دفعه حتى الآن', 0, '2024-11-19 22:46:45', 'delayed'),
(509, 'لقد قام العميل صاحب الكود 0506 بالتأخير في دفع قسط 2021-01-19 الخاص بالقرض رقم 42', 'قسط 2021-01-19 رقم 42 لم يتم دفعه حتى الآن', 0, '2024-11-19 22:46:45', 'delayed'),
(510, 'لقد قام العميل صاحب الكود 0506 بالتأخير في دفع قسط 2021-02-19 الخاص بالقرض رقم 42', 'قسط 2021-02-19 رقم 42 لم يتم دفعه حتى الآن', 0, '2024-11-19 22:46:45', 'delayed'),
(511, 'لقد قام العميل صاحب الكود 0506 بالتأخير في دفع قسط 2021-03-19 الخاص بالقرض رقم 42', 'قسط 2021-03-19 رقم 42 لم يتم دفعه حتى الآن', 0, '2024-11-19 22:46:45', 'delayed'),
(512, 'لقد قام العميل صاحب الكود 0506 بالتأخير في دفع قسط 2021-04-19 الخاص بالقرض رقم 42', 'قسط 2021-04-19 رقم 42 لم يتم دفعه حتى الآن', 0, '2024-11-19 22:46:45', 'delayed'),
(513, 'لقد قام العميل صاحب الكود 0506 بالتأخير في دفع قسط 2020-12-19 الخاص بالقرض رقم 43', 'قسط 2020-12-19 رقم 43 لم يتم دفعه حتى الآن', 0, '2024-11-19 22:46:45', 'delayed'),
(514, 'لقد قام العميل صاحب الكود 0506 بالتأخير في دفع قسط 2021-01-19 الخاص بالقرض رقم 43', 'قسط 2021-01-19 رقم 43 لم يتم دفعه حتى الآن', 0, '2024-11-19 22:46:45', 'delayed'),
(515, 'لقد قام العميل صاحب الكود 0506 بالتأخير في دفع قسط 2021-02-19 الخاص بالقرض رقم 43', 'قسط 2021-02-19 رقم 43 لم يتم دفعه حتى الآن', 0, '2024-11-19 22:46:45', 'delayed'),
(516, 'لقد قام العميل صاحب الكود 0506 بالتأخير في دفع قسط 2021-03-19 الخاص بالقرض رقم 43', 'قسط 2021-03-19 رقم 43 لم يتم دفعه حتى الآن', 0, '2024-11-19 22:46:45', 'delayed'),
(517, 'لقد قام العميل صاحب الكود 0506 بالتأخير في دفع قسط 2021-04-19 الخاص بالقرض رقم 43', 'قسط 2021-04-19 رقم 43 لم يتم دفعه حتى الآن', 0, '2024-11-19 22:46:45', 'delayed'),
(518, 'لقد قام العميل صاحب الكود 0506 بالتأخير في دفع قسط 2020-12-19 الخاص بالقرض رقم 44', 'قسط 2020-12-19 رقم 44 لم يتم دفعه حتى الآن', 0, '2024-11-19 22:46:45', 'delayed'),
(519, 'لقد قام العميل صاحب الكود 0506 بالتأخير في دفع قسط 2021-01-19 الخاص بالقرض رقم 44', 'قسط 2021-01-19 رقم 44 لم يتم دفعه حتى الآن', 0, '2024-11-19 22:46:45', 'delayed'),
(520, 'لقد قام العميل صاحب الكود 0506 بالتأخير في دفع قسط 2021-02-19 الخاص بالقرض رقم 44', 'قسط 2021-02-19 رقم 44 لم يتم دفعه حتى الآن', 0, '2024-11-19 22:46:45', 'delayed'),
(521, 'لقد قام العميل صاحب الكود 0506 بالتأخير في دفع قسط 2021-03-19 الخاص بالقرض رقم 44', 'قسط 2021-03-19 رقم 44 لم يتم دفعه حتى الآن', 0, '2024-11-19 22:46:45', 'delayed'),
(522, 'لقد قام العميل صاحب الكود 0506 بالتأخير في دفع قسط 2021-04-19 الخاص بالقرض رقم 44', 'قسط 2021-04-19 رقم 44 لم يتم دفعه حتى الآن', 0, '2024-11-19 22:46:45', 'delayed'),
(523, 'لقد قام العميل صاحب الكود 0506 بالتأخير في دفع قسط 2003-11-20 الخاص بالقرض رقم 45', 'قسط 2003-11-20 رقم 45 لم يتم دفعه حتى الآن', 0, '2024-11-19 22:46:45', 'delayed'),
(524, 'لقد قام العميل صاحب الكود 0506 بالتأخير في دفع قسط 2003-12-20 الخاص بالقرض رقم 45', 'قسط 2003-12-20 رقم 45 لم يتم دفعه حتى الآن', 0, '2024-11-19 22:46:45', 'delayed'),
(525, 'لقد قام العميل صاحب الكود 0506 بالتأخير في دفع قسط 2004-01-20 الخاص بالقرض رقم 45', 'قسط 2004-01-20 رقم 45 لم يتم دفعه حتى الآن', 0, '2024-11-19 22:46:45', 'delayed'),
(526, 'لقد قام العميل صاحب الكود 0506 بالتأخير في دفع قسط 2004-02-20 الخاص بالقرض رقم 45', 'قسط 2004-02-20 رقم 45 لم يتم دفعه حتى الآن', 0, '2024-11-19 22:46:45', 'delayed'),
(527, 'لقد قام العميل صاحب الكود 0506 بالتأخير في دفع قسط 2004-03-20 الخاص بالقرض رقم 45', 'قسط 2004-03-20 رقم 45 لم يتم دفعه حتى الآن', 0, '2024-11-19 22:46:45', 'delayed'),
(528, 'لقد قام العميل صاحب الكود 0506 بالتأخير في دفع قسط 2003-11-20 الخاص بالقرض رقم 46', 'قسط 2003-11-20 رقم 46 لم يتم دفعه حتى الآن', 0, '2024-11-19 22:46:45', 'delayed'),
(529, 'لقد قام العميل صاحب الكود 0506 بالتأخير في دفع قسط 2003-12-20 الخاص بالقرض رقم 46', 'قسط 2003-12-20 رقم 46 لم يتم دفعه حتى الآن', 0, '2024-11-19 22:46:45', 'delayed'),
(530, 'لقد قام العميل صاحب الكود 0506 بالتأخير في دفع قسط 2004-01-20 الخاص بالقرض رقم 46', 'قسط 2004-01-20 رقم 46 لم يتم دفعه حتى الآن', 0, '2024-11-19 22:46:45', 'delayed'),
(531, 'لقد قام العميل صاحب الكود 0506 بالتأخير في دفع قسط 2004-02-20 الخاص بالقرض رقم 46', 'قسط 2004-02-20 رقم 46 لم يتم دفعه حتى الآن', 0, '2024-11-19 22:46:45', 'delayed'),
(532, 'لقد قام العميل صاحب الكود 0506 بالتأخير في دفع قسط 2004-03-20 الخاص بالقرض رقم 46', 'قسط 2004-03-20 رقم 46 لم يتم دفعه حتى الآن', 0, '2024-11-19 22:46:45', 'delayed'),
(533, 'لقد قام العميل صاحب الكود 0506 بالتأخير في دفع قسط 2003-11-20 الخاص بالقرض رقم 47', 'قسط 2003-11-20 رقم 47 لم يتم دفعه حتى الآن', 0, '2024-11-19 22:46:45', 'delayed'),
(534, 'لقد قام العميل صاحب الكود 0506 بالتأخير في دفع قسط 2003-12-20 الخاص بالقرض رقم 47', 'قسط 2003-12-20 رقم 47 لم يتم دفعه حتى الآن', 0, '2024-11-19 22:46:45', 'delayed'),
(535, 'لقد قام العميل صاحب الكود 0506 بالتأخير في دفع قسط 2004-01-20 الخاص بالقرض رقم 47', 'قسط 2004-01-20 رقم 47 لم يتم دفعه حتى الآن', 0, '2024-11-19 22:46:45', 'delayed'),
(536, 'لقد قام العميل صاحب الكود 0506 بالتأخير في دفع قسط 2004-02-20 الخاص بالقرض رقم 47', 'قسط 2004-02-20 رقم 47 لم يتم دفعه حتى الآن', 0, '2024-11-19 22:46:45', 'delayed'),
(537, 'لقد قام العميل صاحب الكود 0506 بالتأخير في دفع قسط 2004-03-20 الخاص بالقرض رقم 47', 'قسط 2004-03-20 رقم 47 لم يتم دفعه حتى الآن', 0, '2024-11-19 22:46:45', 'delayed'),
(538, 'لقد قام العميل صاحب الكود 0506 بالتأخير في دفع قسط 2003-11-20 الخاص بالقرض رقم 48', 'قسط 2003-11-20 رقم 48 لم يتم دفعه حتى الآن', 0, '2024-11-19 22:46:45', 'delayed'),
(539, 'لقد قام العميل صاحب الكود 0506 بالتأخير في دفع قسط 2003-12-20 الخاص بالقرض رقم 48', 'قسط 2003-12-20 رقم 48 لم يتم دفعه حتى الآن', 0, '2024-11-19 22:46:45', 'delayed'),
(540, 'لقد قام العميل صاحب الكود 0506 بالتأخير في دفع قسط 2004-01-20 الخاص بالقرض رقم 48', 'قسط 2004-01-20 رقم 48 لم يتم دفعه حتى الآن', 0, '2024-11-19 22:46:45', 'delayed'),
(541, 'لقد قام العميل صاحب الكود 0506 بالتأخير في دفع قسط 2004-02-20 الخاص بالقرض رقم 48', 'قسط 2004-02-20 رقم 48 لم يتم دفعه حتى الآن', 0, '2024-11-19 22:46:45', 'delayed'),
(542, 'لقد قام العميل صاحب الكود 0506 بالتأخير في دفع قسط 2004-03-20 الخاص بالقرض رقم 48', 'قسط 2004-03-20 رقم 48 لم يتم دفعه حتى الآن', 0, '2024-11-19 22:46:45', 'delayed'),
(543, 'لقد قام العميل صاحب الكود 0506 بالتأخير في دفع قسط 2003-11-20 الخاص بالقرض رقم 49', 'قسط 2003-11-20 رقم 49 لم يتم دفعه حتى الآن', 0, '2024-11-19 22:46:45', 'delayed'),
(544, 'لقد قام العميل صاحب الكود 0506 بالتأخير في دفع قسط 2003-12-20 الخاص بالقرض رقم 49', 'قسط 2003-12-20 رقم 49 لم يتم دفعه حتى الآن', 0, '2024-11-19 22:46:45', 'delayed'),
(545, 'لقد قام العميل صاحب الكود 0506 بالتأخير في دفع قسط 2004-01-20 الخاص بالقرض رقم 49', 'قسط 2004-01-20 رقم 49 لم يتم دفعه حتى الآن', 0, '2024-11-19 22:46:45', 'delayed'),
(546, 'لقد قام العميل صاحب الكود 0506 بالتأخير في دفع قسط 2004-02-20 الخاص بالقرض رقم 49', 'قسط 2004-02-20 رقم 49 لم يتم دفعه حتى الآن', 0, '2024-11-19 22:46:45', 'delayed'),
(547, 'لقد قام العميل صاحب الكود 0506 بالتأخير في دفع قسط 2004-03-20 الخاص بالقرض رقم 49', 'قسط 2004-03-20 رقم 49 لم يتم دفعه حتى الآن', 0, '2024-11-19 22:46:45', 'delayed'),
(548, 'لقد قام العميل صاحب الكود 0506 بالتأخير في دفع قسط 2003-11-20 الخاص بالقرض رقم 50', 'قسط 2003-11-20 رقم 50 لم يتم دفعه حتى الآن', 0, '2024-11-19 22:46:45', 'delayed'),
(549, 'لقد قام العميل صاحب الكود 0506 بالتأخير في دفع قسط 2003-12-20 الخاص بالقرض رقم 50', 'قسط 2003-12-20 رقم 50 لم يتم دفعه حتى الآن', 0, '2024-11-19 22:46:45', 'delayed'),
(550, 'لقد قام العميل صاحب الكود 0506 بالتأخير في دفع قسط 2004-01-20 الخاص بالقرض رقم 50', 'قسط 2004-01-20 رقم 50 لم يتم دفعه حتى الآن', 0, '2024-11-19 22:46:45', 'delayed'),
(551, 'لقد قام العميل صاحب الكود 0506 بالتأخير في دفع قسط 2004-02-20 الخاص بالقرض رقم 50', 'قسط 2004-02-20 رقم 50 لم يتم دفعه حتى الآن', 0, '2024-11-19 22:46:45', 'delayed'),
(552, 'لقد قام العميل صاحب الكود 0506 بالتأخير في دفع قسط 2004-03-20 الخاص بالقرض رقم 50', 'قسط 2004-03-20 رقم 50 لم يتم دفعه حتى الآن', 0, '2024-11-19 22:46:45', 'delayed'),
(553, 'لقد قام العميل صاحب الكود 0506 بالتأخير في دفع قسط 2003-11-20 الخاص بالقرض رقم 51', 'قسط 2003-11-20 رقم 51 لم يتم دفعه حتى الآن', 0, '2024-11-19 22:46:45', 'delayed'),
(554, 'لقد قام العميل صاحب الكود 0506 بالتأخير في دفع قسط 2003-12-20 الخاص بالقرض رقم 51', 'قسط 2003-12-20 رقم 51 لم يتم دفعه حتى الآن', 0, '2024-11-19 22:46:45', 'delayed'),
(555, 'لقد قام العميل صاحب الكود 0506 بالتأخير في دفع قسط 2004-01-20 الخاص بالقرض رقم 51', 'قسط 2004-01-20 رقم 51 لم يتم دفعه حتى الآن', 0, '2024-11-19 22:46:45', 'delayed'),
(556, 'لقد قام العميل صاحب الكود 0506 بالتأخير في دفع قسط 2004-02-20 الخاص بالقرض رقم 51', 'قسط 2004-02-20 رقم 51 لم يتم دفعه حتى الآن', 0, '2024-11-19 22:46:45', 'delayed'),
(557, 'لقد قام العميل صاحب الكود 0506 بالتأخير في دفع قسط 2004-03-20 الخاص بالقرض رقم 51', 'قسط 2004-03-20 رقم 51 لم يتم دفعه حتى الآن', 0, '2024-11-19 22:46:45', 'delayed'),
(558, 'لقد قام العميل صاحب الكود 0506 بالتأخير في دفع قسط 2003-11-20 الخاص بالقرض رقم 52', 'قسط 2003-11-20 رقم 52 لم يتم دفعه حتى الآن', 0, '2024-11-19 22:46:45', 'delayed'),
(559, 'لقد قام العميل صاحب الكود 0506 بالتأخير في دفع قسط 2003-12-20 الخاص بالقرض رقم 52', 'قسط 2003-12-20 رقم 52 لم يتم دفعه حتى الآن', 0, '2024-11-19 22:46:45', 'delayed'),
(560, 'لقد قام العميل صاحب الكود 0506 بالتأخير في دفع قسط 2004-01-20 الخاص بالقرض رقم 52', 'قسط 2004-01-20 رقم 52 لم يتم دفعه حتى الآن', 0, '2024-11-19 22:46:45', 'delayed'),
(561, 'لقد قام العميل صاحب الكود 0506 بالتأخير في دفع قسط 2004-02-20 الخاص بالقرض رقم 52', 'قسط 2004-02-20 رقم 52 لم يتم دفعه حتى الآن', 0, '2024-11-19 22:46:45', 'delayed'),
(562, 'لقد قام العميل صاحب الكود 0506 بالتأخير في دفع قسط 2004-03-20 الخاص بالقرض رقم 52', 'قسط 2004-03-20 رقم 52 لم يتم دفعه حتى الآن', 0, '2024-11-19 22:46:45', 'delayed'),
(563, 'لقد قام العميل صاحب الكود 7142 بالتأخير في دفع القسط المؤجل 10-20-2000 الخاص بالقرض رقم 1', 'قسط مؤجل 10-20-2000 رقم 1 لم يتم دفعه حتى الآن', 0, '2024-11-19 22:46:45', 'delayed'),
(564, 'لقد قام العميل صاحب الكود 9914 بالتأخير في دفع القسط المؤجل  الخاص بالقرض رقم 3', 'قسط مؤجل  رقم 3 لم يتم دفعه حتى الآن', 0, '2024-11-19 22:46:45', 'delayed'),
(565, 'لقد قام العميل صاحب الكود 0506 بالتأخير في دفع القسط المؤجل  الخاص بالقرض رقم 4', 'قسط مؤجل  رقم 4 لم يتم دفعه حتى الآن', 0, '2024-11-19 22:46:45', 'delayed'),
(566, 'لقد قام العميل صاحب الكود 0506 بالتأخير في دفع القسط المؤجل  الخاص بالقرض رقم 5', 'قسط مؤجل  رقم 5 لم يتم دفعه حتى الآن', 0, '2024-11-19 22:46:45', 'delayed'),
(567, 'لقد قام العميل صاحب الكود 0506 بالتأخير في دفع القسط المؤجل  الخاص بالقرض رقم 6', 'قسط مؤجل  رقم 6 لم يتم دفعه حتى الآن', 0, '2024-11-19 22:46:45', 'delayed'),
(568, 'لقد قام العميل صاحب الكود 0506 بالتأخير في دفع القسط المؤجل  الخاص بالقرض رقم 8', 'قسط مؤجل  رقم 8 لم يتم دفعه حتى الآن', 0, '2024-11-19 22:46:45', 'delayed'),
(569, 'لقد قام العميل صاحب الكود 0506 بالتأخير في دفع القسط المؤجل  الخاص بالقرض رقم 9', 'قسط مؤجل  رقم 9 لم يتم دفعه حتى الآن', 0, '2024-11-19 22:46:45', 'delayed'),
(570, 'لقد قام العميل صاحب الكود 0506 بالتأخير في دفع القسط المؤجل  الخاص بالقرض رقم 10', 'قسط مؤجل  رقم 10 لم يتم دفعه حتى الآن', 0, '2024-11-19 22:46:45', 'delayed'),
(571, 'لقد قام العميل صاحب الكود 0506 بالتأخير في دفع القسط المؤجل 2021-05-19 الخاص بالقرض رقم 30', 'قسط مؤجل 2021-05-19 رقم 30 لم يتم دفعه حتى الآن', 0, '2024-11-19 22:46:45', 'delayed'),
(572, 'لقد قام العميل صاحب الكود 0506 بالتأخير في دفع القسط المؤجل 2021-05-19 الخاص بالقرض رقم 31', 'قسط مؤجل 2021-05-19 رقم 31 لم يتم دفعه حتى الآن', 0, '2024-11-19 22:46:45', 'delayed'),
(573, 'لقد قام العميل صاحب الكود 0506 بالتأخير في دفع القسط المؤجل 2021-05-19 الخاص بالقرض رقم 32', 'قسط مؤجل 2021-05-19 رقم 32 لم يتم دفعه حتى الآن', 0, '2024-11-19 22:46:45', 'delayed'),
(574, 'لقد قام العميل صاحب الكود 0506 بالتأخير في دفع القسط المؤجل 2004-04-20 الخاص بالقرض رقم 33', 'قسط مؤجل 2004-04-20 رقم 33 لم يتم دفعه حتى الآن', 0, '2024-11-19 22:46:45', 'delayed'),
(575, 'لقد قام العميل صاحب الكود 0506 بالتأخير في دفع القسط المؤجل 2004-04-20 الخاص بالقرض رقم 34', 'قسط مؤجل 2004-04-20 رقم 34 لم يتم دفعه حتى الآن', 0, '2024-11-19 22:46:45', 'delayed'),
(576, 'لقد قام العميل صاحب الكود 0506 بالتأخير في دفع القسط المؤجل 2004-04-20 الخاص بالقرض رقم 35', 'قسط مؤجل 2004-04-20 رقم 35 لم يتم دفعه حتى الآن', 0, '2024-11-19 22:46:45', 'delayed'),
(577, 'لقد قام العميل صاحب الكود 0506 بالتأخير في دفع القسط المؤجل 2004-04-20 الخاص بالقرض رقم 36', 'قسط مؤجل 2004-04-20 رقم 36 لم يتم دفعه حتى الآن', 0, '2024-11-19 22:46:45', 'delayed'),
(578, 'لقد قام العميل صاحب الكود 0506 بالتأخير في دفع القسط المؤجل 2004-04-20 الخاص بالقرض رقم 37', 'قسط مؤجل 2004-04-20 رقم 37 لم يتم دفعه حتى الآن', 0, '2024-11-19 22:46:45', 'delayed'),
(579, 'لقد قام العميل صاحب الكود 0506 بالتأخير في دفع القسط المؤجل 2004-04-20 الخاص بالقرض رقم 38', 'قسط مؤجل 2004-04-20 رقم 38 لم يتم دفعه حتى الآن', 0, '2024-11-19 22:46:45', 'delayed'),
(580, 'لقد قام العميل صاحب الكود 0506 بالتأخير في دفع القسط المؤجل 2004-04-20 الخاص بالقرض رقم 39', 'قسط مؤجل 2004-04-20 رقم 39 لم يتم دفعه حتى الآن', 0, '2024-11-19 22:46:45', 'delayed'),
(581, 'لقد قام العميل صاحب الكود 0506 بالتأخير في دفع القسط المؤجل 2004-04-20 الخاص بالقرض رقم 40', 'قسط مؤجل 2004-04-20 رقم 40 لم يتم دفعه حتى الآن', 0, '2024-11-19 22:46:45', 'delayed'),
(582, 'لقد قام العميل صاحب الكود 2711 بالتأخير في دفع القسط المؤجل  الخاص بالقرض رقم 41', 'قسط مؤجل  رقم 41 لم يتم دفعه حتى الآن', 0, '2024-11-19 22:46:45', 'delayed'),
(583, 'لقد قام العميل صاحب الكود 4842 بالتأخير في دفع القسط المؤجل  الخاص بالقرض رقم 42', 'قسط مؤجل  رقم 42 لم يتم دفعه حتى الآن', 0, '2024-11-19 22:46:45', 'delayed'),
(584, 'لقد قام العميل صاحب الكود 5296 بالتأخير في دفع القسط المؤجل  الخاص بالقرض رقم 43', 'قسط مؤجل  رقم 43 لم يتم دفعه حتى الآن', 0, '2024-11-19 22:46:45', 'delayed'),
(585, 'لقد قام العميل صاحب الكود 8190 بالتأخير في دفع القسط المؤجل  الخاص بالقرض رقم 45', 'قسط مؤجل  رقم 45 لم يتم دفعه حتى الآن', 0, '2024-11-19 22:46:45', 'delayed'),
(586, 'لقد قام العميل صاحب الكود 4593 بالتأخير في دفع القسط المؤجل  الخاص بالقرض رقم 46', 'قسط مؤجل  رقم 46 لم يتم دفعه حتى الآن', 0, '2024-11-19 22:46:45', 'delayed'),
(587, 'لقد قام العميل صاحب الكود 6340 بالتأخير في دفع القسط المؤجل 1970 الخاص بالقرض رقم 47', 'قسط مؤجل 1970 رقم 47 لم يتم دفعه حتى الآن', 0, '2024-11-19 22:46:45', 'delayed'),
(588, 'لقد قام العميل صاحب الكود 1268 بالتأخير في دفع القسط المؤجل 1970 الخاص بالقرض رقم 48', 'قسط مؤجل 1970 رقم 48 لم يتم دفعه حتى الآن', 0, '2024-11-19 22:46:45', 'delayed'),
(589, 'لقد قام العميل صاحب الكود 2317 بالتأخير في دفع القسط المؤجل  الخاص بالقرض رقم 49', 'قسط مؤجل  رقم 49 لم يتم دفعه حتى الآن', 0, '2024-11-19 22:46:45', 'delayed'),
(590, 'لقد قام العميل صاحب الكود 9188 بالتأخير في دفع القسط المؤجل 2025 الخاص بالقرض رقم 50', 'قسط مؤجل 2025 رقم 50 لم يتم دفعه حتى الآن', 0, '2024-11-19 22:46:45', 'delayed'),
(591, 'لقد قام العميل صاحب الكود 0311 بالتأخير في دفع القسط المؤجل 10 الخاص بالقرض رقم 51', 'قسط مؤجل 10 رقم 51 لم يتم دفعه حتى الآن', 0, '2024-11-19 22:46:45', 'delayed'),
(592, 'لقد قام العميل صاحب الكود 3215 بالتأخير في دفع القسط المؤجل 12 الخاص بالقرض رقم 52', 'قسط مؤجل 12 رقم 52 لم يتم دفعه حتى الآن', 0, '2024-11-19 22:46:45', 'delayed'),
(593, 'لقد قام العميل صاحب الكود 9700 بالتأخير في دفع القسط المؤجل 14 الخاص بالقرض رقم 53', 'قسط مؤجل 14 رقم 53 لم يتم دفعه حتى الآن', 0, '2024-11-19 22:46:45', 'delayed'),
(594, 'لقد قام العميل صاحب الكود 1434 بالتأخير في دفع القسط المؤجل 16 الخاص بالقرض رقم 54', 'قسط مؤجل 16 رقم 54 لم يتم دفعه حتى الآن', 0, '2024-11-19 22:46:45', 'delayed'),
(595, 'لقد قام العميل صاحب الكود 2376 بالتأخير في دفع القسط المؤجل 18 الخاص بالقرض رقم 55', 'قسط مؤجل 18 رقم 55 لم يتم دفعه حتى الآن', 0, '2024-11-19 22:46:45', 'delayed'),
(596, 'لقد قام العميل صاحب الكود 8967 بالتأخير في دفع القسط المُقدم 0000-00-00 الخاص بالقرض رقم 3', 'قسط مُقدم 0000-00-00 رقم 3 لم يتم دفعه حتى الآن', 0, '2024-11-19 22:46:45', 'advance'),
(597, 'لقد قام العميل صاحب الكود 0506 بالتأخير في دفع القسط المُقدم 0000-00-00 الخاص بالقرض رقم 5', 'قسط مُقدم 0000-00-00 رقم 5 لم يتم دفعه حتى الآن', 0, '2024-11-19 22:46:45', 'advance');

-- --------------------------------------------------------

--
-- بنية الجدول `passwords`
--

CREATE TABLE `passwords` (
  `id` int(11) NOT NULL,
  `password` varchar(255) NOT NULL,
  `created_at` datetime DEFAULT current_timestamp()
) ENGINE=InnoDB DEFAULT CHARSET=utf8mb4 COLLATE=utf8mb4_general_ci;

--
-- إرجاع أو استيراد بيانات الجدول `passwords`
--

INSERT INTO `passwords` (`id`, `password`, `created_at`) VALUES
(45, 'aaaaaa', '2024-11-19 23:24:46'),
(46, 'aaaaaaaaaa', '2024-11-19 23:24:46');

-- --------------------------------------------------------

--
-- بنية الجدول `settings_passwords`
--

CREATE TABLE `settings_passwords` (
  `id` int(11) NOT NULL,
  `password` varchar(255) NOT NULL
) ENGINE=InnoDB DEFAULT CHARSET=utf8mb4 COLLATE=utf8mb4_general_ci;

--
-- إرجاع أو استيراد بيانات الجدول `settings_passwords`
--

INSERT INTO `settings_passwords` (`id`, `password`) VALUES
(1, 'HNI%H*&hhbnel45');

-- --------------------------------------------------------

--
-- بنية الجدول `sub_installments`
--

CREATE TABLE `sub_installments` (
  `id` int(11) NOT NULL,
  `installment_id` int(11) NOT NULL,
  `installment_value` decimal(10,2) NOT NULL,
  `sub_installment_date` varchar(255) NOT NULL,
  `client_id` int(11) NOT NULL,
  `is_paid` tinyint(1) NOT NULL DEFAULT 0,
  `paid_at` datetime DEFAULT NULL
) ENGINE=InnoDB DEFAULT CHARSET=utf8mb4 COLLATE=utf8mb4_general_ci;

--
-- إرجاع أو استيراد بيانات الجدول `sub_installments`
--

INSERT INTO `sub_installments` (`id`, `installment_id`, `installment_value`, `sub_installment_date`, `client_id`, `is_paid`, `paid_at`) VALUES
(1, 8, 2000.00, '', 20, 0, NULL),
(2, 8, 2000.00, '', 20, 0, NULL),
(3, 8, 2000.00, '', 20, 0, NULL),
(4, 8, 2000.00, '', 20, 0, NULL),
(5, 8, 2000.00, '', 20, 0, NULL),
(11, 13, 2000.00, '', 25, 0, NULL),
(12, 13, 2000.00, '', 25, 0, NULL),
(13, 13, 2000.00, '', 25, 0, NULL),
(14, 13, 2000.00, '', 25, 0, NULL),
(15, 13, 2000.00, '', 25, 0, NULL),
(16, 14, 2000.00, '', 26, 0, NULL),
(17, 14, 2000.00, '', 26, 0, NULL),
(18, 14, 2000.00, '', 26, 0, NULL),
(19, 14, 2000.00, '', 26, 0, NULL),
(20, 14, 2000.00, '', 26, 0, NULL),
(21, 15, 2000.00, '', 27, 0, NULL),
(22, 15, 2000.00, '', 27, 0, NULL),
(23, 15, 2000.00, '', 27, 0, NULL),
(24, 15, 2000.00, '', 27, 0, NULL),
(25, 15, 2000.00, '', 27, 0, NULL),
(26, 16, 2000.00, '2000-11-02', 28, 0, NULL),
(27, 16, 2000.00, '2000-12-02', 28, 0, NULL),
(28, 16, 2000.00, '2001-01-02', 28, 0, NULL),
(29, 16, 2000.00, '2001-02-02', 28, 0, NULL),
(30, 16, 2000.00, '2001-03-02', 28, 0, NULL),
(31, 17, 2000.00, '2024-12-19', 28, 0, NULL),
(32, 17, 2000.00, '2025-01-19', 28, 0, NULL),
(33, 17, 2000.00, '2025-02-19', 28, 0, NULL),
(34, 17, 2000.00, '2025-03-19', 28, 0, NULL),
(35, 17, 2000.00, '2025-04-19', 28, 0, NULL),
(36, 18, 2000.00, '2024-12-19', 28, 0, NULL),
(37, 18, 2000.00, '2025-01-19', 28, 0, NULL),
(38, 18, 2000.00, '2025-02-19', 28, 0, NULL),
(39, 18, 2000.00, '2025-03-19', 28, 0, NULL),
(40, 18, 2000.00, '2025-04-19', 28, 0, NULL),
(41, 19, 2000.00, '2024-12-19', 28, 0, NULL),
(42, 19, 2000.00, '2025-01-19', 28, 0, NULL),
(43, 19, 2000.00, '2025-02-19', 28, 0, NULL),
(44, 19, 2000.00, '2025-03-19', 28, 0, NULL),
(45, 19, 2000.00, '2025-04-19', 28, 0, NULL),
(46, 20, 2000.00, '2024-12-19', 28, 0, NULL),
(47, 20, 2000.00, '2025-01-19', 28, 0, NULL),
(48, 20, 2000.00, '2025-02-19', 28, 0, NULL),
(49, 20, 2000.00, '2025-03-19', 28, 0, NULL),
(50, 20, 2000.00, '2025-04-19', 28, 0, NULL),
(51, 21, 2000.00, '2024-12-19', 28, 0, NULL),
(52, 21, 2000.00, '2025-01-19', 28, 0, NULL),
(53, 21, 2000.00, '2025-02-19', 28, 0, NULL),
(54, 21, 2000.00, '2025-03-19', 28, 0, NULL),
(55, 21, 2000.00, '2025-04-19', 28, 0, NULL),
(56, 22, 2000.00, '2024-12-19', 28, 0, NULL),
(57, 22, 2000.00, '2025-01-19', 28, 0, NULL),
(58, 22, 2000.00, '2025-02-19', 28, 0, NULL),
(59, 22, 2000.00, '2025-03-19', 28, 0, NULL),
(60, 22, 2000.00, '2025-04-19', 28, 0, NULL),
(61, 23, 2000.00, '2024-12-19', 28, 0, NULL),
(62, 23, 2000.00, '2025-01-19', 28, 0, NULL),
(63, 23, 2000.00, '2025-02-19', 28, 0, NULL),
(64, 23, 2000.00, '2025-03-19', 28, 0, NULL),
(65, 23, 2000.00, '2025-04-19', 28, 0, NULL),
(66, 24, 2000.00, '2024-12-19', 28, 0, NULL),
(67, 24, 2000.00, '2025-01-19', 28, 0, NULL),
(68, 24, 2000.00, '2025-02-19', 28, 0, NULL),
(69, 24, 2000.00, '2025-03-19', 28, 0, NULL),
(70, 24, 2000.00, '2025-04-19', 28, 0, NULL),
(71, 25, 2000.00, '2024-12-19', 28, 0, NULL),
(72, 25, 2000.00, '2025-01-19', 28, 0, NULL),
(73, 25, 2000.00, '2025-02-19', 28, 0, NULL),
(74, 25, 2000.00, '2025-03-19', 28, 0, NULL),
(75, 25, 2000.00, '2025-04-19', 28, 0, NULL),
(76, 26, 2000.00, '2024-12-19', 28, 0, NULL),
(77, 26, 2000.00, '2025-01-19', 28, 0, NULL),
(78, 26, 2000.00, '2025-02-19', 28, 0, NULL),
(79, 26, 2000.00, '2025-03-19', 28, 0, NULL),
(80, 26, 2000.00, '2025-04-19', 28, 0, NULL),
(81, 27, 2000.00, '2024-12-19', 28, 1, NULL),
(82, 27, 2000.00, '2025-01-19', 28, 0, NULL),
(83, 27, 2000.00, '2025-02-19', 28, 0, NULL),
(84, 27, 2000.00, '2025-03-19', 28, 0, NULL),
(85, 27, 2000.00, '2025-04-19', 28, 0, NULL),
(86, 28, 2000.00, '2024-12-19', 28, 0, NULL),
(87, 28, 2000.00, '2025-01-19', 28, 0, NULL),
(88, 28, 2000.00, '2025-02-19', 28, 0, NULL),
(89, 28, 2000.00, '2025-03-19', 28, 0, NULL),
(90, 28, 2000.00, '2025-04-19', 28, 0, NULL),
(91, 29, 2000.00, '2024-12-19', 28, 0, NULL),
(92, 29, 2000.00, '2025-01-19', 28, 0, NULL),
(93, 29, 2000.00, '2025-02-19', 28, 0, NULL),
(94, 29, 2000.00, '2025-03-19', 28, 0, NULL),
(95, 29, 2000.00, '2025-04-19', 28, 0, NULL),
(96, 30, 2000.00, '2024-12-19', 28, 0, NULL),
(97, 30, 2000.00, '2025-01-19', 28, 0, NULL),
(98, 30, 2000.00, '2025-02-19', 28, 0, NULL),
(99, 30, 2000.00, '2025-03-19', 28, 0, NULL),
(100, 30, 2000.00, '2025-04-19', 28, 0, NULL),
(101, 31, 2000.00, '2024-12-19', 28, 0, NULL),
(102, 31, 2000.00, '2025-01-19', 28, 0, NULL),
(103, 31, 2000.00, '2025-02-19', 28, 0, NULL),
(104, 31, 2000.00, '2025-03-19', 28, 0, NULL),
(105, 31, 2000.00, '2025-04-19', 28, 0, NULL),
(106, 32, 2000.00, '2024-12-19', 28, 0, NULL),
(107, 32, 2000.00, '2025-01-19', 28, 0, NULL),
(108, 32, 2000.00, '2025-02-19', 28, 0, NULL),
(109, 32, 2000.00, '2025-03-19', 28, 0, NULL),
(110, 32, 2000.00, '2025-04-19', 28, 0, NULL),
(111, 33, 2000.00, '2024-12-19', 28, 0, NULL),
(112, 33, 2000.00, '2025-01-19', 28, 0, NULL),
(113, 33, 2000.00, '2025-02-19', 28, 0, NULL),
(114, 33, 2000.00, '2025-03-19', 28, 0, NULL),
(115, 33, 2000.00, '2025-04-19', 28, 0, NULL),
(116, 34, 2000.00, '2024-12-19', 28, 0, NULL),
(117, 34, 2000.00, '2025-01-19', 28, 0, NULL),
(118, 34, 2000.00, '2025-02-19', 28, 0, NULL),
(119, 34, 2000.00, '2025-03-19', 28, 0, NULL),
(120, 34, 2000.00, '2025-04-19', 28, 0, NULL),
(121, 35, 2000.00, '2024-12-19', 28, 0, NULL),
(122, 35, 2000.00, '2025-01-19', 28, 0, NULL),
(123, 35, 2000.00, '2025-02-19', 28, 0, NULL),
(124, 35, 2000.00, '2025-03-19', 28, 0, NULL),
(125, 35, 2000.00, '2025-04-19', 28, 0, NULL),
(126, 36, 2000.00, '2024-12-19', 28, 0, NULL),
(127, 36, 2000.00, '2025-01-19', 28, 0, NULL),
(128, 36, 2000.00, '2025-02-19', 28, 0, NULL),
(129, 36, 2000.00, '2025-03-19', 28, 0, NULL),
(130, 36, 2000.00, '2025-04-19', 28, 0, NULL),
(131, 37, 2000.00, '2024-12-19', 28, 0, NULL),
(132, 37, 2000.00, '2025-01-19', 28, 0, NULL),
(133, 37, 2000.00, '2025-02-19', 28, 0, NULL),
(134, 37, 2000.00, '2025-03-19', 28, 0, NULL),
(135, 37, 2000.00, '2025-04-19', 28, 0, NULL),
(136, 38, 2000.00, '2024-12-19', 28, 0, NULL),
(137, 38, 2000.00, '2025-01-19', 28, 0, NULL),
(138, 38, 2000.00, '2025-02-19', 28, 0, NULL),
(139, 38, 2000.00, '2025-03-19', 28, 0, NULL),
(140, 38, 2000.00, '2025-04-19', 28, 0, NULL),
(141, 39, 2000.00, '2024-12-19', 28, 0, NULL),
(142, 39, 2000.00, '2025-01-19', 28, 0, NULL),
(143, 39, 2000.00, '2025-02-19', 28, 0, NULL),
(144, 39, 2000.00, '2025-03-19', 28, 0, NULL),
(145, 39, 2000.00, '2025-04-19', 28, 0, NULL),
(146, 40, 2000.00, '2024-12-19', 28, 0, NULL),
(147, 40, 2000.00, '2025-01-19', 28, 0, NULL),
(148, 40, 2000.00, '2025-02-19', 28, 0, NULL),
(149, 40, 2000.00, '2025-03-19', 28, 0, NULL),
(150, 40, 2000.00, '2025-04-19', 28, 0, NULL),
(151, 41, 2000.00, '2024-12-19', 28, 0, NULL),
(152, 41, 2000.00, '2025-01-19', 28, 0, NULL),
(153, 41, 2000.00, '2025-02-19', 28, 0, NULL),
(154, 41, 2000.00, '2025-03-19', 28, 0, NULL),
(155, 41, 2000.00, '2025-04-19', 28, 0, NULL),
(156, 42, 2000.00, '2020-12-19', 28, 0, NULL),
(157, 42, 2000.00, '2021-01-19', 28, 0, NULL),
(158, 42, 2000.00, '2021-02-19', 28, 0, NULL),
(159, 42, 2000.00, '2021-03-19', 28, 0, NULL),
(160, 42, 2000.00, '2021-04-19', 28, 0, NULL),
(161, 43, 2000.00, '2020-12-19', 28, 0, NULL),
(162, 43, 2000.00, '2021-01-19', 28, 0, NULL),
(163, 43, 2000.00, '2021-02-19', 28, 0, NULL),
(164, 43, 2000.00, '2021-03-19', 28, 0, NULL),
(165, 43, 2000.00, '2021-04-19', 28, 0, NULL),
(166, 44, 2000.00, '2020-12-19', 28, 0, NULL),
(167, 44, 2000.00, '2021-01-19', 28, 0, NULL),
(168, 44, 2000.00, '2021-02-19', 28, 0, NULL),
(169, 44, 2000.00, '2021-03-19', 28, 0, NULL),
(170, 44, 2000.00, '2021-04-19', 28, 0, NULL),
(171, 45, 2000.00, '2003-11-20', 28, 0, NULL),
(172, 45, 2000.00, '2003-12-20', 28, 0, NULL),
(173, 45, 2000.00, '2004-01-20', 28, 0, NULL),
(174, 45, 2000.00, '2004-02-20', 28, 0, NULL),
(175, 45, 2000.00, '2004-03-20', 28, 0, NULL),
(176, 46, 2000.00, '2003-11-20', 28, 0, NULL),
(177, 46, 2000.00, '2003-12-20', 28, 0, NULL),
(178, 46, 2000.00, '2004-01-20', 28, 0, NULL),
(179, 46, 2000.00, '2004-02-20', 28, 0, NULL),
(180, 46, 2000.00, '2004-03-20', 28, 0, NULL),
(181, 47, 2000.00, '2003-11-20', 28, 0, NULL),
(182, 47, 2000.00, '2003-12-20', 28, 0, NULL),
(183, 47, 2000.00, '2004-01-20', 28, 0, NULL),
(184, 47, 2000.00, '2004-02-20', 28, 0, NULL),
(185, 47, 2000.00, '2004-03-20', 28, 0, NULL),
(186, 48, 2000.00, '2003-11-20', 28, 0, NULL),
(187, 48, 2000.00, '2003-12-20', 28, 0, NULL),
(188, 48, 2000.00, '2004-01-20', 28, 0, NULL),
(189, 48, 2000.00, '2004-02-20', 28, 0, NULL),
(190, 48, 2000.00, '2004-03-20', 28, 0, NULL),
(191, 49, 2000.00, '2003-11-20', 28, 0, NULL),
(192, 49, 2000.00, '2003-12-20', 28, 0, NULL),
(193, 49, 2000.00, '2004-01-20', 28, 0, NULL),
(194, 49, 2000.00, '2004-02-20', 28, 0, NULL),
(195, 49, 2000.00, '2004-03-20', 28, 0, NULL),
(196, 50, 2000.00, '2003-11-20', 28, 0, NULL),
(197, 50, 2000.00, '2003-12-20', 28, 0, NULL),
(198, 50, 2000.00, '2004-01-20', 28, 0, NULL),
(199, 50, 2000.00, '2004-02-20', 28, 0, NULL),
(200, 50, 2000.00, '2004-03-20', 28, 0, NULL),
(201, 51, 2000.00, '2003-11-20', 28, 0, NULL),
(202, 51, 2000.00, '2003-12-20', 28, 0, NULL),
(203, 51, 2000.00, '2004-01-20', 28, 0, NULL),
(204, 51, 2000.00, '2004-02-20', 28, 0, NULL),
(205, 51, 2000.00, '2004-03-20', 28, 0, NULL),
(206, 52, 2000.00, '2003-11-20', 28, 0, NULL),
(207, 52, 2000.00, '2003-12-20', 28, 0, NULL),
(208, 52, 2000.00, '2004-01-20', 28, 0, NULL),
(209, 52, 2000.00, '2004-02-20', 28, 0, NULL),
(210, 52, 2000.00, '2004-03-20', 28, 0, NULL),
(211, 53, 2000.00, '2024-12-19', 29, 0, NULL),
(212, 53, 2000.00, '2025-01-19', 29, 0, NULL),
(213, 53, 2000.00, '2025-02-19', 29, 0, NULL),
(214, 53, 2000.00, '2025-03-19', 29, 0, NULL),
(215, 53, 2000.00, '2025-04-19', 29, 0, NULL),
(216, 54, 2000.00, '2024-12-19', 30, 0, NULL),
(217, 54, 2000.00, '2025-01-19', 30, 0, NULL),
(218, 54, 2000.00, '2025-02-19', 30, 0, NULL),
(219, 54, 2000.00, '2025-03-19', 30, 0, NULL),
(220, 54, 2000.00, '2025-04-19', 30, 0, NULL),
(221, 56, 2000.00, '2024-12-19', 32, 0, NULL),
(222, 56, 2000.00, '2025-01-19', 32, 0, NULL),
(223, 56, 2000.00, '2025-02-19', 32, 0, NULL),
(224, 56, 2000.00, '2025-03-19', 32, 0, NULL),
(225, 56, 2000.00, '2025-04-19', 32, 0, NULL),
(226, 57, 2000.00, '2024-12-19', 32, 0, NULL),
(227, 57, 2000.00, '2025-01-19', 32, 0, NULL),
(228, 57, 2000.00, '2025-02-19', 32, 0, NULL),
(229, 57, 2000.00, '2025-03-19', 32, 0, NULL),
(230, 57, 2000.00, '2025-04-19', 32, 0, NULL),
(231, 58, 2000.00, '2024-12-19', 33, 0, NULL),
(232, 58, 2000.00, '2025-01-19', 33, 0, NULL),
(233, 58, 2000.00, '2025-02-19', 33, 0, NULL),
(234, 58, 2000.00, '2025-03-19', 33, 0, NULL),
(235, 58, 2000.00, '2025-04-19', 33, 0, NULL),
(236, 59, 2000.00, '2024-12-19', 34, 0, NULL),
(237, 59, 2000.00, '2025-01-19', 34, 0, NULL),
(238, 59, 2000.00, '2025-02-19', 34, 0, NULL),
(239, 59, 2000.00, '2025-03-19', 34, 0, NULL),
(240, 59, 2000.00, '2025-04-19', 34, 0, NULL),
(241, 60, 2000.00, '2024-12-19', 35, 0, NULL),
(242, 60, 2000.00, '2025-01-19', 35, 0, NULL),
(243, 60, 2000.00, '2025-02-19', 35, 0, NULL),
(244, 60, 2000.00, '2025-03-19', 35, 0, NULL),
(245, 60, 2000.00, '2025-04-19', 35, 0, NULL),
(246, 61, 2000.00, '2024-12-19', 36, 0, NULL),
(247, 61, 2000.00, '2025-01-19', 36, 0, NULL),
(248, 61, 2000.00, '2025-02-19', 36, 0, NULL),
(249, 61, 2000.00, '2025-03-19', 36, 0, NULL),
(250, 61, 2000.00, '2025-04-19', 36, 0, NULL),
(251, 62, 2000.00, '2024-12-19', 37, 0, NULL),
(252, 62, 2000.00, '2025-01-19', 37, 0, NULL),
(253, 62, 2000.00, '2025-02-19', 37, 0, NULL),
(254, 62, 2000.00, '2025-03-19', 37, 0, NULL),
(255, 62, 2000.00, '2025-04-19', 37, 0, NULL),
(256, 65, 2000.00, '2024-12-19', 40, 0, NULL),
(257, 65, 2000.00, '2025-01-19', 40, 0, NULL),
(258, 65, 2000.00, '2025-02-19', 40, 0, NULL),
(259, 65, 2000.00, '2025-03-19', 40, 0, NULL),
(260, 65, 2000.00, '2025-04-19', 40, 0, NULL),
(261, 66, 2000.00, '2024-12-19', 41, 0, NULL),
(262, 66, 2000.00, '2025-01-19', 41, 0, NULL),
(263, 66, 2000.00, '2025-02-19', 41, 0, NULL),
(264, 66, 2000.00, '2025-03-19', 41, 0, NULL),
(265, 66, 2000.00, '2025-04-19', 41, 0, NULL),
(266, 67, 2000.00, '2024-12-19', 42, 0, NULL),
(267, 67, 2000.00, '2025-01-19', 42, 0, NULL),
(268, 67, 2000.00, '2025-02-19', 42, 0, NULL),
(269, 67, 2000.00, '2025-03-19', 42, 0, NULL),
(270, 67, 2000.00, '2025-04-19', 42, 0, NULL),
(271, 68, 2000.00, '2024-12-19', 43, 0, NULL),
(272, 68, 2000.00, '2025-01-19', 43, 0, NULL),
(273, 68, 2000.00, '2025-02-19', 43, 0, NULL),
(274, 68, 2000.00, '2025-03-19', 43, 0, NULL),
(275, 68, 2000.00, '2025-04-19', 43, 0, NULL),
(276, 69, 2000.00, '2024-12-19', 44, 0, NULL),
(277, 69, 2000.00, '2025-01-19', 44, 0, NULL),
(278, 69, 2000.00, '2025-02-19', 44, 0, NULL),
(279, 69, 2000.00, '2025-03-19', 44, 0, NULL),
(280, 69, 2000.00, '2025-04-19', 44, 0, NULL),
(281, 70, 2000.00, '2024-12-19', 45, 0, NULL),
(282, 70, 2000.00, '2025-01-19', 45, 0, NULL),
(283, 70, 2000.00, '2025-02-19', 45, 0, NULL),
(284, 70, 2000.00, '2025-03-19', 45, 0, NULL),
(285, 70, 2000.00, '2025-04-19', 45, 0, NULL),
(286, 71, 2000.00, '2024-12-19', 46, 0, NULL),
(287, 71, 2000.00, '2025-01-19', 46, 0, NULL),
(288, 71, 2000.00, '2025-02-19', 46, 0, NULL),
(289, 71, 2000.00, '2025-03-19', 46, 0, NULL),
(290, 71, 2000.00, '2025-04-19', 46, 0, NULL),
(291, 72, 2000.00, '2024-12-19', 47, 0, NULL),
(292, 72, 2000.00, '2025-01-19', 47, 0, NULL),
(293, 72, 2000.00, '2025-02-19', 47, 1, NULL),
(294, 72, 2000.00, '2025-03-19', 47, 0, NULL),
(295, 72, 2000.00, '2025-04-19', 47, 0, NULL);

-- --------------------------------------------------------

--
-- بنية الجدول `wakil`
--

CREATE TABLE `wakil` (
  `id` int(11) NOT NULL,
  `full_name` varchar(255) NOT NULL,
  `address` varchar(255) NOT NULL,
  `national_id` int(60) NOT NULL,
  `email` varchar(250) NOT NULL,
  `job` varchar(255) NOT NULL,
  `phone_number` int(100) NOT NULL,
  `client_id` int(11) NOT NULL
) ENGINE=InnoDB DEFAULT CHARSET=utf8mb4 COLLATE=utf8mb4_general_ci;

--
-- إرجاع أو استيراد بيانات الجدول `wakil`
--

INSERT INTO `wakil` (`id`, `full_name`, `address`, `national_id`, `email`, `job`, `phone_number`, `client_id`) VALUES
(1, 'yossef yasser', 'adress', 0, '85148521874541', '01124915545', 0, 0),
(2, 'yossef yasser', 'adress', 0, '85148521874541', '01124915545', 0, 0),
(3, 'yossef yasser abdelrashid', 'adress', 0, '85148521874541', '01124915545', 0, 0),
(4, 'yossef yasser abdelrashid', 'adress', 0, '85148521874541', '01124915545', 0, 0),
(5, 'yossef yasser abdelrashid', 'adress', 0, '85148521874541', '01124915545', 0, 0),
(6, 'yossef yasser abdelrashid', 'adress', 0, '85148521874541', '01124915545', 0, 0),
(7, 'yossef yasser abdelrashid', 'adress', 0, '85148521874541', '01124915545', 0, 0),
(8, 'yossef yasser abdelrashid', 'adress', 2147483647, 'yassynyjottrt@gmail.com', 'eng', 1124915545, 0),
(9, 'yossef yasser abdelrashid', 'adress', 2147483647, 'yassynyjottrt@gmail.com', 'eng', 1124915545, 0),
(10, 'yossef yasser', 'adress', 2147483647, 'yassottrt@gmail.com', 'eng', 1124915545, 47);

--
-- Indexes for dumped tables
--

--
-- Indexes for table `advances`
--
ALTER TABLE `advances`
  ADD PRIMARY KEY (`id`),
  ADD KEY `installment_id` (`installment_id`),
  ADD KEY `client_id` (`client_id`);

--
-- Indexes for table `clients`
--
ALTER TABLE `clients`
  ADD PRIMARY KEY (`id`);

--
-- Indexes for table `dates`
--
ALTER TABLE `dates`
  ADD PRIMARY KEY (`id`);

--
-- Indexes for table `delays`
--
ALTER TABLE `delays`
  ADD PRIMARY KEY (`id`),
  ADD KEY `installment_id` (`installment_id`),
  ADD KEY `client_id` (`client_id`);

--
-- Indexes for table `installments`
--
ALTER TABLE `installments`
  ADD PRIMARY KEY (`id`);

--
-- Indexes for table `notifications`
--
ALTER TABLE `notifications`
  ADD PRIMARY KEY (`id`),
  ADD UNIQUE KEY `cause` (`cause`);

--
-- Indexes for table `passwords`
--
ALTER TABLE `passwords`
  ADD PRIMARY KEY (`id`);

--
-- Indexes for table `settings_passwords`
--
ALTER TABLE `settings_passwords`
  ADD PRIMARY KEY (`id`);

--
-- Indexes for table `sub_installments`
--
ALTER TABLE `sub_installments`
  ADD PRIMARY KEY (`id`),
  ADD KEY `installment_id` (`installment_id`),
  ADD KEY `client_id` (`client_id`);

--
-- Indexes for table `wakil`
--
ALTER TABLE `wakil`
  ADD PRIMARY KEY (`id`);

--
-- AUTO_INCREMENT for dumped tables
--

--
-- AUTO_INCREMENT for table `advances`
--
ALTER TABLE `advances`
  MODIFY `id` int(11) NOT NULL AUTO_INCREMENT, AUTO_INCREMENT=51;

--
-- AUTO_INCREMENT for table `clients`
--
ALTER TABLE `clients`
  MODIFY `id` int(11) NOT NULL AUTO_INCREMENT, AUTO_INCREMENT=48;

--
-- AUTO_INCREMENT for table `dates`
--
ALTER TABLE `dates`
  MODIFY `id` int(11) NOT NULL AUTO_INCREMENT, AUTO_INCREMENT=23;

--
-- AUTO_INCREMENT for table `delays`
--
ALTER TABLE `delays`
  MODIFY `id` int(11) NOT NULL AUTO_INCREMENT, AUTO_INCREMENT=58;

--
-- AUTO_INCREMENT for table `installments`
--
ALTER TABLE `installments`
  MODIFY `id` int(11) NOT NULL AUTO_INCREMENT, AUTO_INCREMENT=73;

--
-- AUTO_INCREMENT for table `notifications`
--
ALTER TABLE `notifications`
  MODIFY `id` int(11) NOT NULL AUTO_INCREMENT, AUTO_INCREMENT=598;

--
-- AUTO_INCREMENT for table `passwords`
--
ALTER TABLE `passwords`
  MODIFY `id` int(11) NOT NULL AUTO_INCREMENT, AUTO_INCREMENT=48;

--
-- AUTO_INCREMENT for table `settings_passwords`
--
ALTER TABLE `settings_passwords`
  MODIFY `id` int(11) NOT NULL AUTO_INCREMENT, AUTO_INCREMENT=2;

--
-- AUTO_INCREMENT for table `sub_installments`
--
ALTER TABLE `sub_installments`
  MODIFY `id` int(11) NOT NULL AUTO_INCREMENT, AUTO_INCREMENT=296;

--
-- AUTO_INCREMENT for table `wakil`
--
ALTER TABLE `wakil`
  MODIFY `id` int(11) NOT NULL AUTO_INCREMENT, AUTO_INCREMENT=11;

--
-- قيود الجداول المُلقاة.
--

--
-- قيود الجداول `advances`
--
ALTER TABLE `advances`
  ADD CONSTRAINT `advances_ibfk_1` FOREIGN KEY (`installment_id`) REFERENCES `installments` (`id`),
  ADD CONSTRAINT `advances_ibfk_2` FOREIGN KEY (`client_id`) REFERENCES `clients` (`id`);

--
-- قيود الجداول `delays`
--
ALTER TABLE `delays`
  ADD CONSTRAINT `delays_ibfk_1` FOREIGN KEY (`installment_id`) REFERENCES `installments` (`id`),
  ADD CONSTRAINT `delays_ibfk_2` FOREIGN KEY (`client_id`) REFERENCES `clients` (`id`);

--
-- قيود الجداول `sub_installments`
--
ALTER TABLE `sub_installments`
  ADD CONSTRAINT `sub_installments_ibfk_1` FOREIGN KEY (`installment_id`) REFERENCES `installments` (`id`),
  ADD CONSTRAINT `sub_installments_ibfk_2` FOREIGN KEY (`client_id`) REFERENCES `clients` (`id`);
COMMIT;

/*!40101 SET CHARACTER_SET_CLIENT=@OLD_CHARACTER_SET_CLIENT */;
/*!40101 SET CHARACTER_SET_RESULTS=@OLD_CHARACTER_SET_RESULTS */;
/*!40101 SET COLLATION_CONNECTION=@OLD_COLLATION_CONNECTION */;
